Name,Volume,Area
chamber1,0.025533917,0.063793966
chamber2,0.015645852,0.063793966
